{"results": [{"model_type": "LGBM", "accuracy": 0.5344563552833078, "walk_forward_accuracy": 0.47852760736196315, "sharpe_ratio": 0.4715447383381533, "absolute_sharpe": 0.4715447383381533, "logic_flipped": false, "stability": 0.05592874792134467}, {"model_type": "Lasso", "accuracy": 0.5084226646248086, "walk_forward_accuracy": 0.49130879345603273, "sharpe_ratio": -0.2923735276127494, "absolute_sharpe": 0.2923735276127494, "logic_flipped": true, "stability": 0.01711387116877583}, {"model_type": "SVC", "accuracy": 0.5344563552833078, "walk_forward_accuracy": 0.504601226993865, "sharpe_ratio": 0.21390709375657474, "absolute_sharpe": 0.21390709375657474, "logic_flipped": false, "stability": 0.02985512828944281}], "training date": "2026-02-05", "best model": "LGBM"}