{"results": [{"model_type": "LGBM", "accuracy": 0.5094086021505376, "walk_forward_accuracy": 0.5024652622142537, "sharpe_ratio": 0.17819672848585189, "absolute_sharpe": 0.17819672848585189, "logic_flipped": false, "stability": 0.006943339936283932}, {"model_type": "Lasso", "accuracy": 0.5344982078853047, "walk_forward_accuracy": 0.5208426714477813, "sharpe_ratio": 1.3708531649092923, "absolute_sharpe": 1.3708531649092923, "logic_flipped": false, "stability": 0.013655536437523375}, {"model_type": "SVC", "accuracy": 0.46729390681003585, "walk_forward_accuracy": 0.5044075900194233, "sharpe_ratio": 0.2608476168140073, "absolute_sharpe": 0.2608476168140073, "logic_flipped": false, "stability": 0.037113683209387405}], "training date": "2026-02-05", "best model": "Lasso"}