{"results": [{"model_type": "LGBM", "accuracy": 0.5114854517611026, "walk_forward_accuracy": 0.4974437627811861, "sharpe_ratio": 0.20156319336228673, "absolute_sharpe": 0.20156319336228673, "logic_flipped": false, "stability": 0.014041688979916478}, {"model_type": "Lasso", "accuracy": 0.4777947932618683, "walk_forward_accuracy": 0.5086912065439674, "sharpe_ratio": 0.21597299178818338, "absolute_sharpe": 0.21597299178818338, "logic_flipped": false, "stability": 0.030896413282099078}, {"model_type": "SVC", "accuracy": 0.5436447166921899, "walk_forward_accuracy": 0.5, "sharpe_ratio": 0.19393262672933667, "absolute_sharpe": 0.19393262672933667, "logic_flipped": false, "stability": 0.043644716692189944}], "training date": "2026-02-05", "best model": "Lasso"}